Reference, Quantity, Value, Footprint, Datasheet, Link, Order number, Part number, Supplier, Notes
C1 C3 C11 C9 C7 ,5,"100nF","POxiM-uncategorised:C_0805_2012Metric_0603_1608Metric","${KIPRJMOD}/Datasheets/murata_03122018_GCM_Series-1310150.pdf","https://nl.mouser.com/ProductDetail/Murata-Electronics/GCM188R91E104KA37D?qs=fYnTpiIxukKBCa2bT2%252Bflw%3D%3D","81-GCM188R91E104KA7D","GCM188R91E104KA37D","Mouser","Decoupling capacitance. Value non-critical. X7R, >10V, AEC-Q200."
C10 ,1,"470nF","POxiM-uncategorised:C_0805_2012Metric_0603_1608Metric","${KIPRJMOD}/Datasheets/murata_03122018_GCM_Series-1310150.pdf","https://nl.mouser.com/ProductDetail/Murata-Electronics/GCM188R71C474KA55D?qs=aEuGZpxfbxW0AmMVvQDj8A%3D%3D","81-GCM188R71C474KA5D","GCM188R71C474KA55D","Mouser","Microcontroller regulator stabilisation capacitance. Value critical. X7R, >6.3V, AEC-Q200, series inductance <15nH"
C2 ,1,"39pF","POxiM-uncategorised:C_0805_2012Metric_0603_1608Metric","${KIPRJMOD}/Datasheets/murata_03122018_GCM_Series-1310150.pdf","https://nl.mouser.com/ProductDetail/Murata-Electronics/GCM1885C2A390JA16D?qs=Er06SXQpt%252B7xNLr3RkIiOw%3D%3D","81-GCM1885C2A390JA6D","GCM1885C2A390JA16D","Mouser","Σδ integrator capacitance. Value should be >39pF and <180pF. C0G, 10%, >6.3V, AEC-Q200."
C5 C4 C8 C6 C12 ,5,"2.2µF","POxiM-uncategorised:C_0805_2012Metric_0603_1608Metric","${KIPRJMOD}/Datasheets/murata_03122018_GCM_Series-1310150.pdf","https://nl.mouser.com/ProductDetail/Murata-Electronics/GCM21BR71E225KA73L?qs=aEuGZpxfbxXYW28lkhxT3w%3D%3D","81-GCM21BR71E225KA3L","GCM21BR71E225KA73L ","Mouser","5V bulk decoupling capacitance. Value non-critical. X7R, >10V, AEC-Q200"
D20 D19 D18 D17 D16 D15 D14 D7 D8 D9 D10 D11 D12 D13 D33 D32 D30 D28 D26 D24 D22 D31 D29 D27 D25 D23 D21 ,27,"LED","POxiM-uncategorised:LED_0805_2012Metric_0603_1608Metric","${KIPRJMOD}/Datasheets/LT Q39G.pdf","https://nl.mouser.com/ProductDetail/OSRAM-Opto-Semiconductors/LT-Q39G-Q1OO-25-1?qs=74fRo9GAWszgXtz8D2kVhg%3D%3D","720-LTQ39GQ1S22515","LT Q39G-Q1OO-25-1","Mouser","Display LEDs. Green preffered."
D34 ,1,"6.8V","POxiM-uncategorised:D_SOD-123","${KIPRJMOD}/Datasheets/vishay_mmsz52251-1211520.pdf","https://nl.mouser.com/ProductDetail/Vishay-Semiconductors/MMSZ5235C-E3-08?qs=%2Fha2pyFadujV4RO4S1waElb5dV%252B%252B64uy%252BMxGR3Uu3OLRSQj%252BNF3A9w6RObocYX7m","78-MMSZ5235C-E3-08","MMSZ5235C-E3-08","Mouser","Used for overvoltage protection. Ensure leakage current is <0.1mA at 5.5V."
D35 D37 D39 D36 D38 D6 D3 D5 D1 D4 D2 ,11,"Schottky","POxiM-uncategorised:D_SOD-323","${KIPRJMOD}/Datasheets/Infineon-BAS3010ASERIES-DS-v01_01-en-1226012.pdf","https://nl.mouser.com/ProductDetail/Infineon-Technologies/BAS3010A03WE6327XT?qs=6QXTaorEuHthvzrroBEBiQ%3D%3D","726-BAS3010A03WE632","BAS3010A03WE6327XT","Mouser","Used for reverse polarity protection, forward voltage should be lower than µC ESD protection Vf."
D40 ,1,"5.6V","POxiM-uncategorised:D_SOD-123","${KIPRJMOD}/Datasheets/vishay_mmsz52251-1211520.pdf","https://nl.mouser.com/ProductDetail/Vishay-Semiconductors/MMSZ5232C-E3-08?qs=%2Fha2pyFadujV4RO4S1waElrskodFKnVuVw%2FELOrQPdgWcjbjc7olfoLGMBZkjhX9","78-MMSZ5232C-E3-08","MMSZ5232C-E3-08","Mouser","DNP. Used for overvoltage protection of data readout. Ensure leakage current is <0.1mA at 3.3V."
F1 ,1,"500mA","Resistor_SMD:R_1812_4532Metric","${KIPRJMOD}/Datasheets/0ZCG_Nov2016-1132141.pdf","https://nl.mouser.com/ProductDetail/Bel-Fuse/0ZCG0050FF2C?qs=sGAEpiMZZMsgjL4JkW1EEcd%252Bb5fzYQwTN3%252BBvCLJLX%252B5PWZvY0sqIg%3D%3D","530-0ZCG0050FF2C","0ZCG0050FF2C ","Mouser","Used for under- and overvoltage protection and overcurrent protection."
FID1 FID2 FID3 FID4 ,4,"Fiducial","POxiM-uncategorised:Fiducial_1mm_Mask2mm","~","~","~","~","~","SHOULD NOT BE ON BOM"
H1 H2 H3 H4 ,4,"MountingHole","MountingHole:MountingHole_2.2mm_M2","~","~","~","~","~","SHOULD NOT BE ON BOM"
H5 H6 ,2,"AlignmentHole","POxiM-uncategorised:AlignmentHole_2.2mm_M2","~","~","~","~","~","SHOULD NOT BE ON BOM"
J1 ,1,"Power in","POxiM-uncategorised:USB_Micro-B_Amphenol_10103594-0001LF_Horizontal","${KIPRJMOD}/Datasheets/io_usb_micro.pdf","https://nl.mouser.com/ProductDetail/Amphenol-FCI/10103594-0001LF?qs=%2Fha2pyFaduh9LfJ5c8RGkP3KMqjBl%2FfM2Rrm3kCipSeRZ%252B9Kqi1Hvw%3D%3D","649-10103594-0001LF","10103594-0001LF","Mouser",""
J2 ,1,"To finger probe","POxiM-uncategorised:CUI_SJ-43514-SMT","${KIPRJMOD}/Datasheets/sj-4351x-smt-1779337.pdf","https://nl.mouser.com/ProductDetail/CUI-Devices/SJ-43514-SMT-TR?qs=%2Fha2pyFadugB3LQZLBGHToeh9KYouWGyT2rTxqNwUuAVYgKKLtJx9w%3D%3D","490-SJ-43514-SMT-TR","SJ-43514-SMT-TR","Mouser",""
JP1 ,1,"SWIM jumper","POxiM-uncategorised:R_0805_2012Metric_0603_1608Metric","${KIPRJMOD}/Datasheets/AOA0000C301-1488782.pdf","https://nl.mouser.com/ProductDetail/Panasonic/ERJ-3GEYJ561V?qs=sGAEpiMZZMtlubZbdhIBIDkNbKahCB4%252B6KNOdheeNIE%3D","667-ERJ-3GEYJ561V","ERJ-3GEYJ561V","Mouser","DNP, used only for debugging"
JP2 ,1,"UART out jumper","POxiM-uncategorised:R_0805_2012Metric_0603_1608Metric","${KIPRJMOD}/Datasheets/AOA0000C301-1488782.pdf","https://nl.mouser.com/ProductDetail/Panasonic/ERJ-3GEYJ561V?qs=sGAEpiMZZMtlubZbdhIBIDkNbKahCB4%252B6KNOdheeNIE%3D","667-ERJ-3GEYJ561V","ERJ-3GEYJ561V","Mouser","DNP, used only for debugging"
NT1 NT2 ,2,"Net-Tie_2","NetTie:NetTie-2_SMD_Pad0.5mm","~","","","","","SHOULD NOT BE ON BOM"
Q2 Q3 Q1 ,3,"MMBT3904,215","Package_TO_SOT_SMD:SOT-23","${KIPRJMOD}/Datasheets/MMBT3904-1599187.pdf","https://nl.mouser.com/ProductDetail/Nexperia/MMBT3904215?qs=LOCUfHb8d9s%2FW6hzAJGDbw%3D%3D","771-MMBT3904T/R","MMBT3904,215","Mouser","Any general purpose NPN transistor will do, but check gain at 100mA"
Q7 Q6 Q5 Q4 Q8 Q9 ,6,"PMBT3906,215","Package_TO_SOT_SMD:SOT-23","${KIPRJMOD}/Datasheets/PMBT3906-1320436.pdf","https://nl.mouser.com/ProductDetail/Nexperia/PMBT3906215?qs=LOCUfHb8d9s%252BlCdaN%2FFG0g%3D%3D","771-PMBT3906-T/R","PMBT3906,215","Mouser","Any general purpose PNP transistor will do, but check gain at 100mA"
R1 ,1,"4.7MΩ","POxiM-uncategorised:R_0805_2012Metric_0603_1608Metric","${KIPRJMOD}/Datasheets/AOA0000C301-1488782.pdf","https://nl.mouser.com/ProductDetail/Panasonic/ERJ-3GEYJ475V?qs=JjxTDIFmKPRhEE1zbsvtmQ%3D%3D","667-ERJ-3GEYJ475V","ERJ-3GEYJ475V","Mouser","Sets sensitivity. Value critical. <5%, AEC-Q200"
R11 R20 ,2,"2.2kΩ","POxiM-uncategorised:R_0805_2012Metric_0603_1608Metric","${KIPRJMOD}/Datasheets/AOA0000C304-1149620.pdf","https://nl.mouser.com/ProductDetail/Panasonic/ERJ-3EKF2201V?qs=iBwFsHVUAOcSom3i15f%252BIQ%3D%3D","667-ERJ-3EKF2201V","ERJ-3EKF2201V","Mouser","Sets output LED current. Value critical. <5%, AEC-Q200"
R12 R5 R6 R7 R8 R9 R10 ,7,"560Ω","POxiM-uncategorised:R_0805_2012Metric_0603_1608Metric","${KIPRJMOD}/Datasheets/AOA0000C301-1488782.pdf","https://nl.mouser.com/ProductDetail/Panasonic/ERJ-3GEYJ561V?qs=sGAEpiMZZMtlubZbdhIBIDkNbKahCB4%252B6KNOdheeNIE%3D","667-ERJ-3GEYJ561V","ERJ-3GEYJ561V","Mouser","Sets display LED current. Value critical. <5%, AEC-Q200"
R15 R16 R17 R18 R19 R14 R13 R21 ,8,"3.3kΩ","POxiM-uncategorised:R_0805_2012Metric_0603_1608Metric","${KIPRJMOD}/Datasheets/AOA0000C304-1149620.pdf","https://nl.mouser.com/ProductDetail/Panasonic/ERJ-3EKF3301V?qs=MVjVSMjNRMr0RS%2FvmZkflA%3D%3D","667-ERJ-3EKF3301V","ERJ-3EKF3301V","Mouser","Sets transistor base current. Value critical. <5%, AEC-Q200"
R2 R24 R25 ,3,"33kΩ","POxiM-uncategorised:R_0805_2012Metric_0603_1608Metric","${KIPRJMOD}/Datasheets/AOA0000C304-1149620.pdf","https://nl.mouser.com/ProductDetail/Panasonic/ERJ-3EKF3302V?qs=MVjVSMjNRMqM4yP733%252B1XQ%3D%3D","667-ERJ-3EKF3302V","ERJ-3EKF3302V","Mouser","Sets LED bias current. Value critical. <5%, AEC-Q200"
R22 R23 ,2,"68Ω","POxiM-uncategorised:R_0805_2012Metric_0603_1608Metric","${KIPRJMOD}/Datasheets/AOA0000C331-1141874.pdf","https://nl.mouser.com/ProductDetail/Panasonic/ERJ-PA3F68R0V?qs=BzJM0faLVqVXNSFK7Qq1fg%3D%3D","667-ERJ-PA3F68R0V","ERJ-PA3F68R0V","Mouser","Sets output LED current. Value critical. <5%, AEC-Q200"
R3 R4 ,2,"100kΩ","POxiM-uncategorised:R_0805_2012Metric_0603_1608Metric","${KIPRJMOD}/Datasheets/AOA0000C304-1149620.pdf","https://nl.mouser.com/ProductDetail/Panasonic/ERJ-3EKF1003V?qs=H7k1u0Mp9JSqh2R2gj46DA%3D%3D","667-ERJ-3EKF1003V","ERJ-3EKF1003V","Mouser","DAC buffer bias control resistor. Value critical. <5%, AEC-Q200"
TP1 ,1,"5V in","POxiM-uncategorised:TestPoint_THTPad_D1.0mm_Drill0.5mm","~","~","~","~","~","SHOULD NOT BE ON BOM"
TP2 ,1,"SWIM","POxiM-uncategorised:TestPoint_THTPad_D1.0mm_Drill0.5mm","~","~","~","~","~","SHOULD NOT BE ON BOM"
TP3 ,1,"UART.TX","POxiM-uncategorised:TestPoint_THTPad_D1.0mm_Drill0.5mm","~","~","~","~","~","SHOULD NOT BE ON BOM"
TP4 ,1,"GND","POxiM-uncategorised:TestPoint_THTPad_D1.0mm_Drill0.5mm","~","~","~","~","~","SHOULD NOT BE ON BOM"
TP5 ,1,"PhotoDiode","POxiM-uncategorised:TestPoint_THTPad_D1.0mm_Drill0.5mm","~","~","~","~","~","SHOULD NOT BE ON BOM"
TP6 ,1,"LED.Red","POxiM-uncategorised:TestPoint_THTPad_D1.0mm_Drill0.5mm","~","~","~","~","~","SHOULD NOT BE ON BOM"
TP7 ,1,"GNDA","POxiM-uncategorised:TestPoint_THTPad_D1.0mm_Drill0.5mm","~","~","~","~","~","SHOULD NOT BE ON BOM"
TP8 ,1,"LED.IR","POxiM-uncategorised:TestPoint_THTPad_D1.0mm_Drill0.5mm","~","~","~","~","~","SHOULD NOT BE ON BOM"
TP9 ,1,"3.3V","POxiM-uncategorised:TestPoint_THTPad_D1.0mm_Drill0.5mm","~","~","~","~","~","SHOULD NOT BE ON BOM"
U1 ,1,"LM321","Package_TO_SOT_SMD:SOT-23-5","${KIPRJMOD}/Datasheets/lm321lv.pdf","https://nl.mouser.com/ProductDetail/Texas-Instruments/LM321LVIDBVR?qs=%2Fha2pyFadugV%252BcwUDF8wl%252B7qBl8uShwL5Xxs6s1dMcJkiwENCXnpPg%3D%3D","595-LM321LVIDBVR","LM321LVIDBVR","Mouser","Forms Σδ integrator. Nearly all pin-compatible opamps will do. Ensure >80dB open loop gain, <1pA/rtHz current noise, supply voltage down to at least 4.5V and up to at least 5.5V and rail-to-rail operation. Voltage noise non-critical."
U2 ,1,"STM8S003F3P","Package_SO:TSSOP-20_4.4x6.5mm_P0.65mm","${KIPRJMOD}/Datasheets/dm00024550-1797235.pdf","https://nl.mouser.com/ProductDetail/STMicroelectronics/STM8S003F3P6?qs=vV0pr1uq7fD%252BGii5YhjnYw%3D%3D","511-STM8S003F3P6","STM8S003F3P6","Mouser",""
U3 ,1,"MIC5504-3.3YM5","Package_TO_SOT_SMD:SOT-23-5","${KIPRJMOD}/Datasheets/MIC550X-1082389.pdf","https://nl.mouser.com/ProductDetail/Microchip-Technology-Micrel/MIC5504-33YM5-TR?qs=%2Fha2pyFaduiQSwwJX7b6pPG5HoOt4HuL%2Fi3xzYFEJnvNhOYJx3yuOz%2Fwm%2F7g6yjh","998-MIC5504-3.3YM5TR","MIC5504-3.3YM5-TR","Mouser","3.3V, dropout <1V, output impedance <1Ω, >60dB PSRR"